x,y,
0.51,50.81944381229800,
0.515,54.90032315324750,TRUE
0.52,53.69223066769830,TRUE
0.5342345390419950,56.2320786491284,TRUE
0.5365916174540680,54.90032315324750,TRUE
0.5499483951224850,53.69223066769830,TRUE
0.5621266335848640,52.27248418369670,TRUE
0.5703764080271220,50.81944381229800,TRUE
0.5876616497156610,49.12145555504980,TRUE
0.5876616497156610,47.956169496154000,FALSE
0.5981375537693200,46.64026823236690,TRUE
0.6096610482283460,45.178508033316600,TRUE
0.6171251298665790,43.39015065313370,TRUE
0.6269462899168850,42.21693747819100,TRUE
0.6367674499671920,40.91689044649770,TRUE
0.6406959139873140,39.42494114716870,TRUE
0.6505170740376200,38.086910017750700,TRUE
0.6646595445100610,36.493559692321700,TRUE
0.6725164725503060,34.80032770470170,TRUE
0.6898017142388450,33.02940997982190,TRUE
0.69765864227909,31.73729006417550,TRUE
0.7133724983595800,30.583894679350100,TRUE
0.7290863544400700,29.335373901961700,TRUE
0.7736089466681250,27.821294737001800,TRUE
0.8359405757874020,28.265213235628800,TRUE
0.8595113599081360,29.482818260434200,TRUE
0.8822964512248470,30.84152595087460,TRUE
0.9058672353455820,32.42694916025670,TRUE
0.9294380194663170,33.98066390545110,TRUE
0.953794496391076,35.46620545264210,TRUE
0.972651123687664,36.62039354907230,TRUE
1.0001503718285200,37.718299121569300,TRUE
1.0512204040901100,38.84527078623840,TRUE
1.1062189003718300,39.95612398161210,TRUE
1.1313610701006100,41.22129170269900,TRUE
1.1455035405730500,42.77183560147470,TRUE
1.1494320045931800,43.770652223385400,TRUE
1.1565032398294000,44.77898138455240,TRUE
1.1612173966535400,46.22805819792760,TRUE
1.1690743246937900,47.10004096308770,TRUE
1.1730027887139100,47.71835601474670,TRUE
1.1769312527340300,51.475809020982200,TRUE
1.1785026383420800,50.2391789176642,TRUE
1.1788954847440900,48.740953984798100,TRUE
1.1847881807742800,52.20510369729800,TRUE
1.1863595663823300,53.49246734331620,TRUE
1.1965735728346500,54.757635064403100,TRUE
1.2020734224628200,57.088207182194700,TRUE
1.2024662688648300,55.48296618269540,TRUE
1.208358964895010,59.68830124558130,TRUE
1.208358964895010,58.70533885576440,FALSE
1.208358964895010,61.84447681034090,FALSE
1.2103231969050700,60.96456692913390,TRUE
1.217787278543310,63.2237950025033,TRUE
1.2293107730023300,64.47627933791510,TRUE
1.2319297490157500,68.1465340676346,TRUE
1.2319297490157500,66.88612261617590,FALSE
1.2338939810258100,65.70894588320970,TRUE
1.239786677055990,69.88257248190800,TRUE
1.247643605096240,71.48384992338390,TRUE
1.2515720691163600,72.54608347366980,TRUE
1.255500533136480,73.48148316720530,TRUE
1.2570719187445300,74.87665559146150,TRUE
1.2649288467847800,76.76965090346370,TRUE
1.3000231253645400,77.84139699300590,TRUE
1.3076929836895400,81.2874275831128,TRUE
1.3126418279746300,79.13135496791220,TRUE
1.3131180054316100,80.29880296754810,TRUE
1.3576405976596700,77.92066815347500,TRUE
1.3592119832677200,76.58891265759410,TRUE
1.3670689113079600,74.78153019889860,TRUE
1.3812113817804000,72.974147740203,TRUE
1.3812113817804000,71.72166340479120,FALSE
1.3874969242126000,69.12156934140460,TRUE
1.3890683098206500,70.40576214100410,TRUE
1.4028179338910800,67.8730485640162,TRUE
1.4106748619313200,64.48420645396210,TRUE
1.4126390939413800,66.63245490267470,TRUE
1.4126390939413800,65.58607558448260,FALSE
1.4204960219816300,63.27135769878480,TRUE
1.436209878062120,61.96338355104460,TRUE
1.4479952701224800,60.512721314460000,TRUE
1.4754945182633400,59.262501869347300,TRUE
1.517921929680670,58.06799872559280,TRUE
1.5352071713692000,57.05966956442580,TRUE
1.5540637986657900,55.80401438259520,TRUE
1.5619207267060400,54.757635064403100,TRUE
1.5713490403543300,53.22611624414,TRUE
1.5776345827865300,51.84045635914010,TRUE
1.5874557428368300,50.64346183605660,TRUE
1.5933484388670200,49.47817577716080,TRUE
1.5933484388670200,48.47935915525010,FALSE
1.6070980629374500,47.10004096308770,TRUE
1.6129907589676300,45.91097355605120,TRUE
1.6149549909776900,43.711198853033500,TRUE
1.6169192229877500,44.91215693414050,TRUE
1.6232047654199500,42.15352054981570,TRUE
1.6326330790682400,40.91689044649770,TRUE
1.6404900071084900,39.34732146920940,TRUE
1.6463827031386700,36.12494879614040,TRUE
1.6483469351487300,37.397250921669500,TRUE
1.6562038631889800,34.93984494712730,TRUE
1.6660250232392800,33.723032633926500,TRUE
1.669953487259410,32.21291702699010,TRUE
1.6782032617016600,30.66237312821450,TRUE
1.6876315753499600,29.390863714290100,TRUE
1.7181862955064600,27.93755910568980,TRUE
1.7308446795713000,25.589811569796600,TRUE
1.734773143591430,26.635109917618700,TRUE
1.774057783792650,28.455464020754600,TRUE
1.7756291694007000,29.844294752173300,TRUE
1.789771639873140,31.67783669382370,TRUE
1.7991999535214300,34.44836375221880,TRUE
1.7995927999234500,32.85501342678990,TRUE
1.8133424239938800,36.19629284056260,TRUE
1.8172708880140000,37.53993901051390,TRUE
1.8227707376421700,38.69095626052520,TRUE
1.8329847440944900,40.61566003671510,TRUE
1.8369132081146100,41.8681443721269,TRUE
1.8463415217629000,42.68622274816800,TRUE
1.8486986001749800,44.15115379363710,TRUE
1.8541984498031500,45.32119612216100,TRUE
1.8683409202755900,46.79088343725820,TRUE
1.8777692339238800,48.24154567384280,TRUE
1.8934830900043700,49.88721496518140,TRUE
1.9469102006780400,51.030449228528500,TRUE
2.001908696959760,51.50751748516980,TRUE
2.017622553040250,53.156357622927200,TRUE
2.027443713090550,54.41280551636250,TRUE
2.033336409120740,55.494856856765700,TRUE
2.0372648731408600,56.73148696008380,TRUE
2.0451218011811000,58.134586500386900,TRUE
2.049050265201230,60.2273451367712,TRUE
2.051014497211290,59.02638705566430,TRUE
2.0569071932414700,60.92493134889930,TRUE
2.0584785788495200,62.32010377315550,TRUE
2.068692585301840,63.99668881707710,TRUE
2.0726210493219600,64.79336397979150,TRUE
2.0804779773622000,66.50562104592420,TRUE
2.0804779773622000,65.55436712029490,FALSE
2.0804779773622000,69.16913203768600,FALSE
2.0820493629702500,67.89445177734290,TRUE
2.0899062910105000,70.41527468026040,TRUE
2.1040487614829400,71.9039870738701,TRUE
2.1056201470909900,73.52587501706800,TRUE
2.113869921533250,75.23337581357240,TRUE
2.137440705653980,76.74349142050890,TRUE
2.1578384996046200,79.23413030463230,TRUE
2.1590472577646500,77.84932410905280,TRUE
2.162975721784780,80.56039779709620,TRUE
2.204224593996060,75.09068772472810,TRUE
2.206188826006120,76.27182801571770,TRUE
2.210117290026250,74.06808975467660,TRUE
2.214045754046370,73.10098159695360,TRUE
2.221902682086610,71.68995494060350,TRUE
2.231330995734910,69.98721041372720,TRUE
2.237616538167100,67.9087205862273,TRUE
2.245473466207350,66.26780756451690,TRUE
2.2513661622375300,64.98361476491740,TRUE
2.2592230902777800,62.106071639888900,TRUE
2.2611873222878400,63.39026443948840,TRUE
2.272187021544180,60.63638432479180,TRUE
2.2827938743985100,58.217821218879400,TRUE
2.284758106408570,59.37121660370490,TRUE
2.292615034448820,56.90984707113920,TRUE
2.3362646346724000,55.48692974071880,TRUE
2.3528514827573600,55.16191798279550,TRUE
2.4418966672134700,54.98247690137000,TRUE
2.5086805555555600,54.28993521763540,TRUE
2.540108267716540,52.91061702547300,TRUE
2.559750587817150,51.475809020982200,TRUE
2.565643283847330,50.12027217696050,TRUE
2.573893058289590,48.55545946930040,TRUE
2.583321371937880,47.13174942727540,TRUE
2.589214067968070,45.80395748941790,TRUE
2.597070996008310,42.985867734741300,TRUE
2.599035228018370,44.29384188248150,TRUE
2.606892156058620,41.64618512281340,TRUE
2.6147490840988600,40.61566003671510,TRUE
2.6206417801290500,37.59939238086570,TRUE
2.6226060121391100,38.99060124709850,TRUE
2.6252249881525200,36.25574621091440,TRUE
2.6383198682196000,35.09046015201860,TRUE
2.6461767962598400,33.25136922913540,TRUE
2.6524623386920400,31.261663101360900,TRUE
2.688828691335460,29.39312860458920,TRUE
2.6972468285214400,26.75509762869240,TRUE
2.7048015670216700,27.73470623864320,TRUE
2.750935836796440,29.723802588260300,TRUE
2.756173788823270,31.285444449501600,TRUE
2.764030716863520,32.26047972327160,TRUE
2.7734590305118100,33.183196031132000,TRUE
2.7813159585520600,34.971553411314900,TRUE
2.795458429024500,36.70759182558830,TRUE
2.8059343330781600,38.22959810659510,TRUE
2.829130977768400,40.45485282547770,TRUE
2.8897415655074400,41.907059305448100,TRUE
2.930990437718720,43.16422784579670,TRUE
2.938847365758970,44.50787401574800,TRUE
2.954168375437450,45.95853625233260,TRUE
2.960453917869640,47.49639676543320,TRUE
2.962418149879700,48.740953984798100,TRUE
2.968310845909890,50.14405352510130,TRUE
2.9777391595581800,51.56142187428880,TRUE
2.984024701990380,53.17221185502100,TRUE
2.9855960875984300,54.53884666150840,TRUE
2.991881630030620,56.29549557750370,TRUE
2.9997385580708700,57.62725107338460,TRUE
3.0036670220909900,58.70533885576440,TRUE
3.0075954861111100,60.576138242835300,TRUE
3.0075954861111100,59.54561315673690,FALSE
3.0095597181211700,61.77313276591870,TRUE
3.0154524141513600,63.192086538315700,TRUE
3.0233093421916000,64.6031131946657,TRUE
3.0311662702318500,66.02999408310960,TRUE
3.0327376558399000,67.32369942196530,TRUE
3.0390231982720900,68.69350507487140,TRUE
3.0405945838801400,69.73988439306360,TRUE
3.0547370543525800,71.26189067407040,TRUE
3.0760630018903900,72.49172610649100,TRUE
3.086164766513560,76.27182801571770,TRUE
3.0900932305336800,75.35228255427610,TRUE
3.096439210873880,74.30590323608390,TRUE
3.137234798775150,72.35583268854400,TRUE
3.137234798775150,71.30945337035180,FALSE
3.139199030785210,70.03715124482270,TRUE
3.149020190835520,68.99473548465400,TRUE
3.154912886865700,67.68279777889040,TRUE
3.162115070902600,66.47391258173650,TRUE
3.162769814905950,64.11559555778070,TRUE
3.164734046916010,65.26899094260620,TRUE
3.1757337461723500,62.7196304219198,TRUE
3.1843763670166200,61.368849847526300,TRUE
3.1863405990266800,59.2285285148605,TRUE
3.1883048310367500,60.38588745770940,TRUE
3.1961617590769900,57.80164762641660,TRUE
3.2099113831474200,54.72196304219200,TRUE
3.2118756151574800,55.99426516772110,TRUE
3.2197325431977300,53.33075417595920,TRUE
3.2354463992782200,52.01485291217210,TRUE
3.2511602553587100,50.65931606815040,TRUE
3.30615875164042,49.83753837128740,TRUE
3.357228783902010,48.75284465886850,TRUE
3.3886564960629900,47.587558599972700,TRUE
3.4200842082239700,46.291475126302900,TRUE
3.459368848425200,44.94386539832810,TRUE
3.514367344706910,43.97279368258160,TRUE
3.5575804489282600,42.8669609940376,TRUE
3.5748656906168000,41.42105502708120,TRUE
3.5949008571194200,39.085726639661400,TRUE
3.5968650891294800,40.187595770181900,TRUE
3.6027577851596700,37.84909653634340,TRUE
3.6184716412401600,36.64813845523650,TRUE
3.6263285692804000,35.28071093714440,TRUE
3.6309117773038800,34.05200794987330,TRUE
3.6440066573709500,32.71232533794550,TRUE
3.6518635854112000,30.992141155765900,TRUE
3.6597205134514400,29.660385659885000,TRUE
3.675434369531930,28.241431887488100,TRUE
3.675434369531930,26.996874668123100,FALSE
3.687219761592300,25.756281006781700,TRUE
3.697040921642610,24.412634836830400,TRUE
3.705290696084860,22.871603477311000,TRUE
3.720611705763340,21.594545082153800,TRUE
3.744575336286090,20.27468026034320,TRUE
3.775890806617920,19.313234328367900,TRUE
3.827858773512690,21.197396568203500,TRUE
3.832572930336830,22.486345637431200,TRUE
3.848286786417320,23.758647762960300,TRUE
3.857715100065620,25.32583860543440,TRUE
3.871857570538060,27.111817850803300,TRUE
3.881678730588360,28.705168176232300,TRUE
3.887571426618550,30.025032998042900,TRUE
3.895428354658790,30.92872422739070,TRUE
3.903285282699040,33.02148286377500,TRUE
3.9048566683070900,31.813390378225800,TRUE
3.915070674759410,34.07578929801410,TRUE
3.9268560668197700,35.431326142035700,TRUE
3.9307845308398900,36.54112238860320,TRUE
3.9366772268700800,37.421032269810200,TRUE
3.94728407972441,38.976332438214000,TRUE
3.9602480109908100,40.41748213554230,TRUE
3.9661407070210000,41.836435907939300,TRUE
3.9831640511082000,43.22368121614860,TRUE
3.999139804790030,44.931182012653000,TRUE
4.016425046478570,46.633926539529400,TRUE
4.032924595363080,48.06318556278730,TRUE
4.032924595363080,48.954986118064700,FALSE
4.038424444991250,50.08697828956350,TRUE
4.052566915463690,52.71243912430020,TRUE
4.05570968667979,51.637522188339200,TRUE
4.061995229111990,53.41636702926590,TRUE
4.06435230752406,54.90032315324750,TRUE
4.070245003554240,55.815905056665600,TRUE
4.076137699584430,57.21504103894530,TRUE
4.076137699584430,58.134586500386900,FALSE
4.083994627624670,60.512721314460000,TRUE
4.085566013232720,59.06681534750350,TRUE
4.093422941272970,61.273724454963400,TRUE
4.099708483705160,63.057325565518200,TRUE
4.107565411745410,66.02999408310960,TRUE
4.109136797353460,64.76482636202270,TRUE
4.115422339785650,66.71172606314380,TRUE
4.116993725393700,68.08470256246870,TRUE
4.131136195866140,69.77555641527470,TRUE
4.138993123906390,71.11920258522600,TRUE
4.140564509514440,72.4794956988758,TRUE
4.1753314160925200,74.15726981020440,TRUE
4.187257110439320,76.75198475913060,TRUE
4.1897060230752400,75.56847662828270,TRUE
4.231312028379270,73.44977470301760,TRUE
4.23916895641951,70.92895180010010,TRUE
4.241133188429570,72.08631074294900,TRUE
4.247418730861770,69.45450821537480,TRUE
4.262739740540250,67.05259205316100,TRUE
4.264703972550310,68.21787811205680,TRUE
4.268632436570430,66.02999408310960,TRUE
4.27059666858049,64.90038004642480,TRUE
4.280417828630800,63.48538983205130,TRUE
4.290238988681100,62.034727595466800,TRUE
4.294167452701230,60.584065358882200,TRUE
4.303988612751530,59.216637840790100,TRUE
4.319702468832020,57.51627144872790,TRUE
4.319702468832020,56.40647520216040,FALSE
4.369088873656420,55.0362165711945,TRUE
4.373718849108710,54.60900163852350,TRUE
4.445413317475940,55.414000273087300,TRUE
4.481555186461070,56.34622912020390,TRUE
4.496483349737530,57.088207182194700,TRUE
4.503554584973750,58.17263665741200,TRUE
4.512197205818020,59.62092075918260,TRUE
4.52398259787839,61.33714138333870,TRUE
4.52398259787839,60.370033225615600,FALSE
4.527911061898510,62.827439200157800,TRUE
4.53969645395888,65.26899094260620,TRUE
4.5416606859689400,64.44853443175090,TRUE
4.549124767607170,66.3343953393109,TRUE
4.55541031003937,67.86908500599270,TRUE
4.556981695647420,69.20718219471120,TRUE
4.567195702099740,70.5960129261299,TRUE
4.572695551727910,71.68995494060350,TRUE
4.575052630139980,73.16439852532880,TRUE
4.578981094160110,74.09979821886430,TRUE
4.580945326170170,75.2809385098539,TRUE
4.58683802220035,76.62062112178170,TRUE
4.598623414260720,77.39747849437900,TRUE
4.60255187828084,78.38044088419580,TRUE
4.604123263888890,79.69000045514540,TRUE
4.631734753858890,81.66453181791580,TRUE
4.651166620529860,83.49739429247640,TRUE
4.653621910542430,84.8806760426623,TRUE
4.653621910542430,85.91120112876060,FALSE
4.69159706273695,81.39274498202180,TRUE
4.702727710793960,78.61032724955620,TRUE
4.704691942804030,80.0372081380001,TRUE
4.708620406824150,77.54016658322330,TRUE
4.7105846388342100,76.29164580583500,TRUE
4.7204057988845100,75.19374023333790,TRUE
4.7262984949147000,72.65309954030310,TRUE
4.7302269589348200,73.92540166583220,TRUE
4.736119654965000,71.32530760244570,TRUE
4.736119654965000,70.27892828425350,FALSE
4.743976583005250,68.91546432418490,TRUE
4.749869279035430,67.45687497155340,TRUE
4.755761975065620,66.45805834964270,TRUE
4.757726207075680,64.23450229848440,TRUE
4.759690439085740,65.39582479935670,TRUE
4.767547367125980,63.128669609940400,TRUE
4.775404295166230,61.923747970810000,TRUE
4.781296991196410,58.99071503345320,TRUE
4.783261223206470,60.274907833052700,TRUE
4.795046615266840,57.78975695234630,TRUE
4.806832007327210,56.336716580947600,TRUE
4.819403092191600,54.852760456966,TRUE
4.850045111548560,53.77070911656270,TRUE
4.889329751749780,52.64109507987800,TRUE
4.956113640091860,52.03791361339950,TRUE
5.022897528433950,51.50751748516980,TRUE
5.058253704615050,50.3977212386024,TRUE
5.07082478947944,49.28792499203500,TRUE
5.091252802384080,47.72786855400300,TRUE
5.1112879688867000,46.35092849665470,TRUE
5.119144896926950,45.00728232670340,TRUE
5.136822985017500,44.04017416898030,TRUE
5.146251298665790,42.69573528742430,TRUE
5.166286465168420,41.44008010559370,TRUE
5.176107625218720,40.37784655530780,TRUE
5.195749945319340,39.085726639661400,TRUE
5.2185350366360500,37.79677757043380,TRUE
5.2782476897419100,36.5843612034045,TRUE
5.337174650043740,37.302125529106600,TRUE
5.364673898184600,38.47216785763050,TRUE
5.385101911089240,39.65172272541080,TRUE
5.407887002405950,40.948598910685300,TRUE
5.431457786526680,42.39133403122300,TRUE
5.455028570647420,43.960903008511200,TRUE
5.477813661964130,45.473396750261700,TRUE
5.496932186862060,46.7036851607422,TRUE
5.537526315069990,48.168372294948300,TRUE
5.549311707130360,48.954986118064700,TRUE
5.576810955271220,46.46587167933490,TRUE
5.586239268919510,44.969232169678200,TRUE
5.596453275371830,43.43771334941510,TRUE
5.600381739391950,42.37547979912920,TRUE
5.608238667432200,41.05957853534200,TRUE
5.616095595472440,39.648551878992,TRUE
5.623952523512690,38.60217256079980,TRUE
5.631809451552930,37.04053069955850,TRUE
5.639666379593180,35.41150835191840,TRUE
5.653808850065620,33.858586318328700,TRUE
5.693879183070870,31.138000091029100,TRUE
5.700775819906190,32.281618699396700,TRUE
5.74180644411636,32.59341859724180,TRUE
5.74337782972441,34.04883710345460,TRUE
5.75752030019685,35.780119248099800,TRUE
5.766948613845150,37.77775249192120,TRUE
5.782400572324290,39.68818745922660,TRUE
5.7905193979658800,41.601793272950700,TRUE
5.80466186843832,43.128555823585600,TRUE
5.815137772491980,44.698124800873900,TRUE
5.838334417182230,46.89620083616720,TRUE
5.863588828740160,48.62204724409450,TRUE
5.88323114884077,49.82696888322490,TRUE
5.893052308891080,50.95261936188610,TRUE
5.91465886100175,52.61731373173730,TRUE
5.926444253062120,54.53171225706610,TRUE
5.93037271708224,55.28082472349920,TRUE
5.9408486211359,56.20829730098770,TRUE
5.948050805172790,57.849210322698100,TRUE
5.955514886811020,59.561467388830700,TRUE
5.963371814851270,61.425925083064000,TRUE
5.969657357283470,62.90671036062690,TRUE
5.971228742891510,64.18456146738880,TRUE
5.97751428532371,65.459241727732,TRUE
5.985371213363960,66.38671430522050,TRUE
5.985371213363960,67.55200036411630,FALSE
5.989299677384080,68.21787811205680,TRUE
5.9932281414042,69.32767435862430,TRUE
5.9947995270122500,70.72918847571800,TRUE
6.005013533464570,72.486630103318,TRUE
6.012870461504810,73.54490009558050,TRUE
6.016798925524940,74.46444555702220,TRUE
6.018370311132980,75.77083428155300,TRUE
6.026227239173230,77.69236721132400,TRUE
6.040369709645670,79.07802709632400,TRUE
6.0534645897127400,80.37807412801720,TRUE
6.079654349846890,84.00869327750220,TRUE
6.085765293878200,81.9423583612742,TRUE
6.087511277887140,82.81962587046560,TRUE
6.125224532480310,79.80415092622090,TRUE
6.134652846128610,78.34873242000820,TRUE
6.142509774168850,77.06453962040870,TRUE
6.148402470199040,75.35228255427610,TRUE
6.154295166229220,74.40102862864690,TRUE
6.158223630249340,73.19610698951650,TRUE
6.166080558289590,72.02289381457380,TRUE
6.171973254319770,69.08589731919350,TRUE
6.1755088719378800,70.44381229802920,TRUE
6.181794414370080,67.5995630603978,TRUE
6.194889294437150,66.18853640404780,TRUE
6.195544038440510,64.88848937235450,TRUE
6.205365198490810,63.354592417277300,TRUE
6.219507668963250,61.62568840744620,TRUE
6.248578302712160,59.39499795184560,TRUE
6.258399462762470,60.29076206514650,TRUE
6.323219119094490,61.521050475627000,TRUE
6.386074543416450,62.194711210231700,TRUE
6.472500751859140,61.10385768252960,TRUE
6.482775196219460,59.96757964169550,TRUE
6.48428614391951,59.10962177415680,TRUE
6.523570784120740,61.86825815848160,TRUE
6.529463480150920,62.771949387829400,TRUE
6.530642019356960,64.20358654590140,TRUE
6.539284640201230,65.80803483379610,TRUE
6.553034264271650,67.42120294934230,TRUE
6.558926960301840,69.35938282281190,TRUE
6.558926960301840,68.52703563788630,FALSE
6.5604983459098900,70.78626371125570,TRUE
6.571498045166230,72.53657093441360,TRUE
6.5824977444225700,73.6558797202373,TRUE
6.584069130030620,74.89568066997410,TRUE
6.617853920603670,76.60080333166450,TRUE
6.633567776684160,80.44624732602070,TRUE
6.63525140412136,78.97723947801320,TRUE
6.640115216717700,77.5084581190357,TRUE
6.675209495297460,75.46643302535160,TRUE
6.682673576935700,72.33205134040330,TRUE
6.686209194553810,73.73515088070640,TRUE
6.69053050497594,69.3237108006008,TRUE
6.692494736986000,70.64357562241140,TRUE
6.698387433016190,67.73036047517180,TRUE
6.704280129046370,66.6007464384871,TRUE
6.70624436105643,64.57933184652500,TRUE
6.708208593066490,65.6812009770455,TRUE
6.714101289096680,61.58288198079290,TRUE
6.716065521106740,63.057325565518200,TRUE
6.719993985126860,60.607846707022900,TRUE
6.721958217136920,59.27609121114200,TRUE
6.727850913167100,58.134586500386900,TRUE
6.729815145177170,57.01686313777250,TRUE
6.737017329214060,55.661326293750900,TRUE
6.737672073217410,52.189249465204100,TRUE
6.739636305227470,54.456404654620500,TRUE
6.739636305227470,53.41002533642830,FALSE
6.745921847659670,50.61968048791590,TRUE
6.755350161307960,49.20865383156590,TRUE
6.761242857338150,45.26887715625140,TRUE
6.763207089348210,47.64701197032450,TRUE
6.763207089348210,46.4024547509596,FALSE
6.7690997853783900,42.53402212006740,TRUE
6.7710640173884500,43.72308952710390,TRUE
6.785206487860890,41.01201583906060,TRUE
6.816896097623210,39.24426896059960,TRUE
6.832609953703700,38.3405777312518,TRUE
6.904631794072620,38.64339356424380,TRUE
6.936059506233600,37.41310515376330,TRUE
6.948630591097990,36.331846524964700,TRUE
6.9714156824147000,34.805083974329800,TRUE
6.99105800251531,33.21173364890080,TRUE
7.002843394575680,31.753144296269300,TRUE
7.02248571467629,30.32229984980200,TRUE
7.030342642716540,29.042070608226,TRUE
7.047627884405080,27.570797869919400,TRUE
7.064913126093610,25.94415365709350,TRUE
7.075519978947940,24.424525510900700,TRUE
7.093198067038500,23.397963982825900,TRUE
7.103019227088800,22.10584406717950,TRUE
7.1566578704404700,20.775917905770900,TRUE
7.212361475648880,22.16926099555480,TRUE
7.228730075732720,23.592178325975200,TRUE
7.24247969980315,25.18315051659010,TRUE
7.250336627843400,26.235871527619700,TRUE
7.259764941491690,27.694460880251200,TRUE
7.27390741196413,29.47806199080610,TRUE
7.285692804024500,31.206173289032500,TRUE
7.297478196084870,32.60927282933560,TRUE
7.301406660104990,33.59223521915250,TRUE
7.3069065097331600,34.743252469163900,TRUE
7.3210489802056,36.16062081835150,TRUE
7.3289059082458400,37.63506440307680,TRUE
7.338334221894140,39.366346547722,TRUE
7.354048077974630,41.00250329980430,TRUE
7.362297852416890,42.43889672750440,TRUE
7.377618862095360,43.84675253743570,TRUE
7.388618561351710,45.50193436803060,TRUE
7.403546724628170,46.410381867006500,TRUE
7.411403652668420,47.726283130793600,TRUE
7.434188743985130,49.52573847344230,TRUE
7.450688292869640,50.774259250830600,TRUE
7.467187841754160,52.05607391561610,TRUE
7.482116005030620,52.78378316872240,TRUE
7.489972933070870,53.96492345971210,TRUE
7.506472481955380,55.36643757680580,TRUE
7.517472181211720,56.74575576896820,TRUE
7.5331860372922100,57.849210322698100,TRUE
7.545757122156610,59.26657867188570,TRUE
7.568542213473320,60.85358730447710,TRUE
7.589755919181980,62.14887806654230,TRUE
7.629040559383200,63.642346729780200,TRUE
7.669372789989790,64.04821507138200,TRUE
7.7217523102580900,62.71645957550100,TRUE
7.743751708770780,61.38787492603890,TRUE
7.767322492891510,60.21783259751490,TRUE
7.823892374781280,59.01665832233400,TRUE
7.884502962520310,60.030299680748,TRUE
7.9044258871937900,61.48775658822990,TRUE
7.926032439304460,62.90671036062690,TRUE
7.951848060008130,64.92925739773860,TRUE
7.977102471566050,66.9178310803635,TRUE
7.996744791666670,68.39623822311230,TRUE
8.015601418963260,69.73988439306360,TRUE
8.030136735837710,71.0121865185927,TRUE
8.056653867973540,72.84929566246420,TRUE
8.076885457677170,74.81958035592370,TRUE
8.098884856189850,76.34317206013990,TRUE
8.106741784230100,77.85725122509980,TRUE
8.124419872320650,79.03839151608940,TRUE
8.130312568350830,80.21953180707900,TRUE
8.146026424431320,81.40859921411560,TRUE
8.158597509295710,82.73401301715900,TRUE
8.198780084130110,84.28727478429360,TRUE
8.221649356818680,85.34639411041830,TRUE
8.263880345035000,83.41415957398390,TRUE
8.279594201115490,81.84459059669560,TRUE
8.285879743547680,80.19416503572890,TRUE
8.30120075322616,78.89570342724500,TRUE
8.309057681266400,76.553240635383,TRUE
8.311021913276470,77.6670004399739,TRUE
8.322807305336830,75.30471985799460,TRUE
8.33262846538714,73.85405762141010,TRUE
8.338521161417320,72.45095808110690,TRUE
8.354235017497810,71.40457876291480,TRUE
8.356199249507870,70.37009011879300,TRUE
8.36602040955818,69.22858540803790,TRUE
8.38173426563867,67.84926721587550,TRUE
8.400590892935260,66.6007464384871,TRUE
8.421018905839900,65.44972918847570,TRUE
8.456375082021000,64.222611624414,TRUE
8.483874330161860,63.144523842034200,TRUE
8.499588186242350,61.90789373871620,TRUE
8.516873427930890,60.408083382640800,TRUE
8.536908594433510,59.20474716671980,TRUE
8.544765522473760,57.872991670838800,TRUE
8.558515146544180,56.743377634154100,TRUE
8.582871623468940,55.29033726275550,TRUE
8.604871021981630,54.348595876382500,TRUE
8.611830015388700,51.6728544770054,TRUE
8.62024815257468,52.844935206798600,TRUE
8.656726747047240,56.01011939981490,TRUE
8.656726747047240,54.710072368121600,FALSE
8.66458367508749,56.82661235264670,TRUE
8.66458367508749,59.27609121114200,FALSE
8.666155060695540,57.849210322698100,TRUE
8.672440603127730,61.65422602521510,TRUE
8.674011988735790,60.351008147103,TRUE
8.68029753116798,64.222611624414,TRUE
8.681868916776030,62.78621819671390,TRUE
8.688154459208220,66.41049565336130,TRUE
8.69077343522164,65.13422996980870,TRUE
8.69601138724847,68.28129504043210,TRUE
8.69601138724847,67.26662418642760,FALSE
8.697582772856520,69.70183423603840,TRUE
8.703868315288710,71.16676528150750,TRUE
8.71172524332896,73.44977470301760,TRUE
8.713296628937010,72.26070729598110,TRUE
8.715653707349080,74.30590323608390,TRUE
8.719582171369200,75.14617753705640,TRUE
8.721153556977260,76.51281234354380,TRUE
8.731367563429570,78.44385781257110,TRUE
8.771088699633030,83.22655116087370,TRUE
8.772897040213730,81.90234529932310,TRUE
8.77458066765092,80.37014701197030,TRUE
8.77458066765092,84.31309453370350,FALSE
8.77458066765092,85.46728263013370,FALSE
8.78505657170458,79.36340327401270,TRUE
8.819758003882330,75.45929862090940,TRUE
8.82172223589239,77.99201219789720,TRUE
8.82172223589239,76.62062112178170,FALSE
8.825650699912510,74.3534659323654,TRUE
8.829579163932630,73.35464931045470,TRUE
8.829579163932630,72.30826999226250,FALSE
8.841364555993000,71.26189067407040,TRUE
8.843328788003060,67.84926721587550,TRUE
8.845293020013120,70.02526057075240,TRUE
8.845293020013120,68.9788812525602,FALSE
8.849221484033250,66.74343452733150,TRUE
8.851185716043310,63.330811069136600,TRUE
8.85314994805337,65.55436712029490,TRUE
8.85314994805337,64.50798780210280,FALSE
8.859042644083550,61.880148832552,TRUE
8.866899572123800,59.609030085112200,TRUE
8.86886380413386,60.79809749214870,TRUE
8.87410175616069,58.32483728551270,TRUE
8.874756500164040,54.733853716262300,TRUE
8.876720732174100,56.89795639706890,TRUE
8.876720732174100,55.8515770788767,FALSE
8.880649196194230,53.61613035364800,TRUE
8.88457766021435,52.50633410708060,TRUE
8.892434588254590,51.269704003762500,TRUE
8.898327284284780,46.63630467434350,TRUE
8.900291516294840,49.8586773474125,TRUE
8.900291516294840,48.81229802922030,FALSE
8.900291516294840,47.76591871102820,FALSE
8.908148444335090,45.37192966486130,TRUE
8.916005372375330,44.373113042950600,TRUE
8.925433686023620,43.009649082882000,TRUE
8.949677921119240,41.32457070033880,TRUE
8.990646188757660,40.191559328205400,TRUE
9.010288508858270,39.061945291520600,TRUE
9.026002364938760,37.62317372900640,TRUE
9.037787756999130,36.08927677392930,TRUE
9.051537381069550,34.5315984707114,TRUE
9.055465845089680,33.1166082563379,TRUE
9.068429776356080,31.8704656137636,TRUE
9.079036629210410,29.311592553820900,TRUE
9.081000861220470,30.484805728763700,TRUE
9.08728640365267,27.87519912612080,TRUE
9.10300025973316,26.26757999180740,TRUE
9.110857187773400,24.412634836830400,TRUE
9.120285501421700,22.795503163260700,TRUE
9.126178197451880,21.439966319239000,TRUE
9.134427971894140,19.93222884711670,TRUE
9.143856285542430,18.705111283054900,TRUE
9.151713213582680,17.690440429050400,TRUE
9.157998756014870,16.18428838013750,TRUE
9.173319765693350,14.876314232397200,TRUE
9.19571201060805,13.577852623913300,TRUE
9.2165328699147,11.642050885257800,TRUE
9.222425565944880,12.357653270219800,TRUE
9.269567134186350,14.020185699330900,TRUE
9.285280990266840,15.344014079165000,TRUE
9.289209454286970,16.73918650342120,TRUE
9.297852075131230,18.438760183878800,TRUE
9.310423159995630,20.046379318192200,TRUE
9.3127802384077,21.606435756224100,TRUE
9.318672934437880,22.58147102999410,TRUE
9.324565630468070,24.111404427047800,TRUE
9.332422558508310,26.552956169496200,TRUE
9.334386790518370,25.41145145874110,TRUE
9.341850872156610,27.45664739884390,TRUE
9.348136414588800,29.264029857539500,TRUE
9.355993342629050,30.750364116335200,TRUE
9.363850270669290,32.9580659353997,TRUE
9.363850270669290,32.070228938145700,FALSE
9.365421656277340,34.3722634381685,TRUE
9.381135512357830,36.1225706613263,TRUE
9.387421054790030,37.4923763142324,TRUE
9.388992440398080,38.72900641755040,TRUE
9.399767655996130,40.61792492701420,TRUE
9.412563224518810,42.32474625642890,TRUE
9.420420152559060,44.03700332256160,TRUE
9.437705394247600,45.834873242000800,TRUE
9.458133407152230,47.15711619862550,TRUE
9.4699187992126,48.09885758499840,TRUE
9.523345909886270,48.869373264758100,TRUE
9.563416242891520,47.46151745482680,TRUE
9.575987327755910,46.30732935839670,TRUE
9.591701183836400,45.03106367484410,TRUE
9.604272268700790,43.43771334941510,TRUE
9.619986124781280,41.92521960766470,TRUE
9.623128895997380,40.56809734043360,TRUE
9.641985523293970,39.25219607664650,TRUE
9.646699680118110,37.89665923262480,TRUE
9.662413536198600,36.699664709541400,TRUE
9.668306232228790,35.55419644076280,TRUE
9.68127016349519,34.31518820263080,TRUE
9.69384124835958,33.05319132796260,TRUE
9.718534450771780,31.65575401340730,TRUE
9.753553901465440,30.8621364525966,TRUE
9.795981312882770,32.10193740233340,TRUE
9.805802472933070,33.23551499704160,TRUE
9.823480561023620,34.09164353010790,TRUE
9.828980410651800,35.39010513859180,TRUE
9.85097980916448,37.008822235370900,TRUE
9.862765201224850,38.70522506940970,TRUE
9.876514825295280,39.81105775795370,TRUE
9.88240752132546,41.07543276743590,TRUE
9.902049841426070,42.47853230773900,TRUE
9.910692462270340,44.075053479586700,TRUE
9.925620625546810,45.14997041554780,TRUE
9.93112047517498,46.51026352919760,TRUE
9.94526294564742,47.57566792590230,TRUE
9.957048337707790,48.78851668107960,TRUE
9.964905265748030,50.29863228801600,TRUE
9.978654889818460,51.48769969505260,TRUE
9.984547585848650,52.744147588487900,TRUE
10.000261441929100,53.93717855354790,TRUE
10.00811836996940,55.29667895559300,TRUE
10.025796458059900,56.56501752309860,TRUE
10.036403310914300,58.001410950798800,TRUE
10.055259938210800,59.192856492649400,TRUE
10.067831023075200,60.68394702107320,TRUE
10.090616114392000,62.34388512129630,TRUE
10.106329970472400,63.55673387647350,TRUE
10.111829820100600,64.61262573392200,TRUE
10.125972290573100,66.2202448682354,TRUE
10.13540060422140,67.7137135314733,TRUE
10.145614610673700,69.70817592887600,TRUE
10.153471538713900,71.11920258522600,TRUE
10.158971388342100,72.35583268854400,TRUE
10.165256930774300,73.90954743373840,TRUE
10.166828316382300,75.16203176915030,TRUE
10.180970786854800,76.49378726503120,TRUE
10.182542172462800,77.67334213281140,TRUE
10.188827714895000,79.10973556051160,TRUE
10.190399100503100,80.41295343862370,TRUE
10.196684642935300,82.26076418915840,TRUE
10.204541570975500,83.24769013699880,TRUE
10.212398499015700,83.91356788493920,TRUE
10.213969884623800,85.11214783123210,TRUE
10.221826812664000,87.10978107505350,TRUE
10.256921091243800,88.33689863911520,TRUE
10.26565101128850,89.84305068802820,TRUE
10.268706483304200,91.17084262588560,TRUE
10.271325459317600,92.37972782303950,TRUE
10.314538563538900,88.47958672795960,TRUE
10.316109949147000,87.15734377133490,TRUE
10.318467027559100,89.19302717218150,TRUE
10.328681034011400,85.3499613126394,TRUE
10.336145115649600,83.67575440353190,TRUE
10.3433472996865,82.39156160393250,TRUE
10.344002043689900,81.11925947840340,TRUE
10.35382320374020,79.68048791588910,TRUE
10.359715899770300,77.9682308497565,TRUE
10.365608595800500,77.01697692412730,TRUE
10.367572827810600,74.63884211005420,TRUE
10.369537059820600,75.85961798127840,TRUE
10.372156035834100,73.5131916313929,TRUE
10.385250915901100,72.37961403668470,TRUE
10.393107843941400,70.81004505939650,TRUE
10.393107843941400,69.54963360793770,FALSE
10.393107843941400,68.50325428974560,FALSE
10.399393386373600,66.95271039096990,TRUE
10.415107242454100,65.30704109963130,TRUE
10.422964170494300,63.49965864093580,TRUE
10.432392484142600,62.00301913127910,TRUE
10.440249412182900,60.90907711680550,TRUE
10.449677725831100,59.63756770288110,TRUE
10.471677124343800,58.51508807063860,TRUE
10.47298661235050,57.294312199414400,TRUE
10.493676522856500,55.95621501069590,TRUE
10.510961764545100,54.60701985951180,TRUE
10.558103332786500,53.31778253151880,TRUE
10.620958757108500,53.397341950753300,TRUE
10.65631493328960,54.44847753857360,TRUE
10.675957253390200,55.80401438259520,TRUE
10.691671109470700,57.2665672932502,TRUE
10.701099423119000,58.800464248327300,TRUE
10.711313429571300,60.718826331679600,TRUE
10.723098821631700,61.96338355104460,TRUE
10.723098821631700,64.50798780210280,FALSE
10.724670207239700,63.00500659960860,TRUE
10.732527135280000,65.36411633516910,TRUE
10.740776909722200,67.11204542351280,TRUE
10.748633837762500,68.47947294160480,TRUE
10.754526533792700,69.54963360793770,TRUE
10.756097919400700,70.63406308315510,TRUE
10.762383461832900,72.5936461699513,TRUE
10.774168853893300,73.94918301397300,TRUE
10.778097317913400,74.87665559146150,TRUE
10.779668703521400,76.28451140139280,TRUE
10.795120662000600,78.02372066208490,TRUE
10.828185234169900,79.95397341950750,TRUE
10.837024278215200,81.33725516969340,TRUE
10.837024278215200,82.60559373719900,FALSE
10.88023738243660,79.63292521960770,TRUE
10.881808768044600,78.29165718447040,TRUE
10.888094310476800,76.56513130945340,TRUE
10.899879702537200,75.44740794683900,TRUE
10.901843934547200,74.12754312502850,TRUE
10.907736630577400,73.02171043648450,TRUE
10.910093708989500,70.58650038687360,TRUE
10.911665094597600,71.83264302944790,TRUE
10.92541471866800,68.05140867507170,TRUE
10.927378950678000,69.23254896606130,TRUE
10.931307414698200,67.02881070502030,TRUE
10.933271646708200,64.86470802421370,TRUE
10.935235878718300,66.02999408310960,TRUE
10.943092806758500,63.425936461699500,TRUE
10.95684243082900,60.465158618178500,TRUE
10.958806662839000,61.89203950662240,TRUE
10.962735126859100,59.37121660370490,TRUE
10.966663590879300,57.99189841154250,TRUE
10.980806061351700,56.384279277229100,TRUE
10.990234375000000,54.92410450138820,TRUE
11.00398399907040,53.390207546311000,TRUE
11.015769391130800,52.213030813344900,TRUE
11.03541171123140,51.083416776660100,TRUE
11.045232871281700,49.89038581160020,TRUE
11.062518112970300,48.55545946930040,TRUE
11.068803655402500,47.290291748213600,TRUE
11.08255327947290,46.05366164489560,TRUE
11.090410207513100,44.65056210459240,TRUE
11.0949934155366,43.406004885227500,TRUE
11.108088295603700,42.11784852760460,TRUE
11.115945223643900,40.22723135041650,TRUE
11.123802151684200,38.68144372126900,TRUE
11.131659079724400,37.73018979563970,TRUE
11.137944622156600,36.08452050430110,TRUE
11.14580155019690,34.39128851668110,TRUE
11.16151540627730,32.602931136498100,TRUE
11.16832474391220,31.087266548328900,TRUE
11.170943719925600,30.072595694324300,TRUE
11.184693343996100,28.776512220654500,TRUE
11.189276552019500,27.472501630937800,TRUE
11.198442968066500,26.26757999180740,TRUE
11.213371131343000,24.869236721132400,TRUE
11.236418120261000,23.397963982825900,TRUE
11.277994364474000,22.866847207682900,TRUE
11.312368424650000,24.2858009800798,TRUE
11.32218958470040,25.351998088389200,TRUE
11.342224751203000,26.93345773974790,TRUE
11.359509992891500,28.407901324473200,TRUE
11.371295384951900,29.60885940558010,TRUE
11.387009241032400,30.738473442264800,TRUE
11.39879463309270,31.848269688832200,TRUE
11.426293881233600,33.1166082563379,TRUE
11.4616500574147,34.30567566337450,TRUE
11.485220841535400,35.780119248099800,TRUE
11.50564885444010,37.140412361749600,TRUE
11.528433945756800,38.71315218545660,TRUE
11.548076265857400,40.215340676346100,TRUE
11.563790121937900,41.38062673524190,TRUE
11.583432442038500,43.04135754706960,TRUE
11.60700322615920,44.78532307738990,TRUE
11.628216931867900,46.21537481225250,TRUE
11.681644042541600,47.77780938509850,TRUE
11.681644042541600,48.22569144174900,FALSE
11.735071153215200,46.633926539529400,TRUE
11.770689226997700,45.37192966486130,TRUE
11.812069048009600,44.745687497155300,TRUE
11.854496459426900,46.36281917072510,TRUE
11.870210315507400,47.587558599972700,TRUE
11.881995707567800,48.50314050339080,TRUE
11.887495557196000,49.74452687633700,TRUE
11.901638027668400,51.00018205816760,TRUE
11.913423419728800,52.054488492406700,TRUE
11.92128034776900,53.532895635155400,TRUE
11.935029971839500,54.69818169405130,TRUE
11.940922667869600,55.94670247143960,TRUE
11.956636523950100,57.024790253819400,TRUE
11.969207608814500,58.27727458923130,TRUE
11.991992700131200,59.57732162092460,TRUE
12.046205503608900,60.81236630103320,TRUE
12.092449137217200,62.388050482129000,TRUE
12.105918156714800,64.03236083928820,TRUE
12.113775084755000,66.88612261617590,TRUE
12.11534647036310,65.52582950252610,TRUE
12.1255604768154,67.85323077389890,TRUE
12.129488940835500,68.9788812525602,TRUE
12.139964844889200,70.08867749912760,TRUE
12.145202796916000,71.83264302944790,TRUE
12.147167028926100,73.04549178462520,TRUE
12.15698818897640,74.49615402120980,TRUE
12.160916652996500,75.16203176915030,TRUE
12.164845117016600,75.92303490965360,TRUE
12.170344966644800,77.06453962040870,TRUE
12.17820189468500,78.97656001092350,TRUE
12.189725389144100,80.29880296754810,TRUE
12.217224637284900,81.44823479435010,TRUE
12.231629005358700,83.81164782147900,TRUE
12.231629005358700,84.86482181056850,FALSE
12.234247981372100,82.97288344737260,TRUE
12.274842109580100,80.25124027126670,TRUE
12.276151597586800,81.56714153505380,TRUE
12.278770573600200,79.17315248888690,TRUE
12.286627501640400,78.06335624231940,TRUE
12.294484429680700,76.68403805015700,TRUE
12.298412893700800,75.44740794683900,TRUE
12.300377125710800,74.38913795457650,TRUE
12.310198285761200,73.0098197624141,TRUE
12.316483828193400,71.12871512448230,TRUE
12.325912141841600,69.43072686723410,TRUE
12.325912141841600,68.15446118368150,FALSE
12.325912141841600,67.15564456177080,FALSE
12.340054612314100,65.5924172773201,TRUE
12.347518693952300,61.5353192845114,TRUE
12.34948292596240,63.865891402303000,TRUE
12.34948292596240,62.6054799508443,FALSE
12.357339854002600,60.12627440717310,TRUE
12.373053710083100,58.84505427609120,TRUE
12.373053710083100,57.59554260919700,FALSE
12.379339252515300,56.05134040325890,TRUE
12.39662449420390,54.773489296496900,TRUE
12.39662449420390,53.72710997830470,FALSE
12.404481422244100,52.696584892206400,TRUE
12.420195278324600,51.61849710982660,TRUE
12.42805220636480,50.71480588047880,TRUE